{
    "id": 47786,
    "xx": 25599.865750253237,
    "yy": 11272.552675376677,
    "rcv": 0,
    "er": 6,
    "pr": 3.5,
    "pma": 2.3,
    "ec": "#ffffff",
    "eca": 0.75,
    "ppa": 1,
    "ppc": "#000000",
    "antenna": false,
    "one_eye": false,
    "swell": 0,
    "rbcs": null,
    "cv": 0,
    "fnfr": 0,
    "na": 1,
    "chl": -0.18040907004767598,
    "tsp": 5.777777777777778,
    "sfr": 0,
    "rr": 196,
    "gg": 146,
    "bb": 255,
    "cs": "#c492ff",
    "cs04": "#4e3a66",
    "csw": "#e2c9ff",
    "sc": 1.0566037735849056,
    "ssp": 5.812641509433962,
    "fsp": 5.9126415094339615,
    "msp": 14,
    "fxs": {
        "0": -0.03097844123840332,
        "1": -0.01380035001784563,
        "2": -0.003454917808994651,
        "3": 0,
        "4": 0,
        "5": 0,
        "6": 0,
        "7": 0,
        "8": -4.812841415405273,
        "9": -4.716714382171631,
        "10": -4.608641624450684,
        "11": -4.489227294921875,
        "12": -4.3591389656066895,
        "13": -4.219104290008545,
        "14": -4.069906234741211,
        "15": -3.912379264831543,
        "16": -3.7474043369293213,
        "17": -3.575904369354248,
        "18": -3.3988378047943115,
        "19": -3.217195510864258,
        "20": -3.0319929122924805,
        "21": -2.844265937805176,
        "22": -2.655064582824707,
        "23": -2.4654464721679688,
        "24": -2.2764720916748047,
        "25": -2.0891988277435303,
        "26": -1.9046733379364014,
        "27": -1.7239279747009277,
        "28": -1.5479732751846313,
        "29": -1.3777934312820435,
        "30": -1.214340090751648,
        "31": -1.0585274696350098,
        "32": -0.9112266898155212,
        "33": -0.7732616662979126,
        "34": -0.6454039812088013,
        "35": -0.5283685922622681,
        "36": -0.42281001806259155,
        "37": -0.329318642616272,
        "38": -0.24841725826263428,
        "39": -0.18055830895900726,
        "40": -0.12612129747867584,
        "41": -0.08541065454483032,
        "42": -0.0548931248486042
    },
    "fys": {
        "0": -0.03765569627285004,
        "1": -0.016774948686361313,
        "2": -0.0041996086947619915,
        "3": 0,
        "4": 0,
        "5": 0,
        "6": 0,
        "7": 0,
        "8": -4.9384989738464355,
        "9": -4.846611976623535,
        "10": -4.742301940917969,
        "11": -4.6261515617370605,
        "12": -4.498810768127441,
        "13": -4.360991954803467,
        "14": -4.213465690612793,
        "15": -4.057056427001953,
        "16": -3.89263916015625,
        "17": -3.7211339473724365,
        "18": -3.543499231338501,
        "19": -3.3607289791107178,
        "20": -3.173844814300537,
        "21": -2.9838919639587402,
        "22": -2.791933059692383,
        "23": -2.599041223526001,
        "24": -2.4062952995300293,
        "25": -2.214773416519165,
        "26": -2.0255463123321533,
        "27": -1.8396724462509155,
        "28": -1.658191204071045,
        "29": -1.4821176528930664,
        "30": -1.3124362230300903,
        "31": -1.1500959396362305,
        "32": -0.9960048198699951,
        "33": -0.8510243892669678,
        "34": -0.7159655690193176,
        "35": -0.5915836691856384,
        "36": -0.4785741865634918,
        "37": -0.37756919860839844,
        "38": -0.2891335189342499,
        "39": -0.21376174688339233,
        "40": -0.15187537670135498,
        "41": -0.10382051020860672,
        "42": -0.06672507524490356
    },
    "fchls": {
        "0": -0.0001929960708366707,
        "1": -0.00008597635314799845,
        "2": -0.000021524181647691876,
        "3": 0,
        "4": 0,
        "5": 0,
        "6": 0,
        "7": 0,
        "8": 0.016022104769945145,
        "9": 0.015361504629254341,
        "10": 0.014669481664896011,
        "11": 0.013949904590845108,
        "12": 0.01320679858326912,
        "13": 0.012444320134818554,
        "14": 0.011666730046272278,
        "15": 0.010878379456698895,
        "16": 0.010083677247166634,
        "17": 0.009287066757678986,
        "18": 0.008493002504110336,
        "19": 0.0077059268951416016,
        "20": 0.00693023856729269,
        "21": 0.006170279812067747,
        "22": 0.005430297926068306,
        "23": 0.004714432172477245,
        "24": 0.004026684444397688,
        "25": 0.003370902268216014,
        "26": 0.0027507527265697718,
        "27": 0.002169703831896186,
        "28": 0.001631005434319377,
        "29": 0.0011376695474609733,
        "30": 0.0006924556219018996,
        "31": 0.0002978529373649508,
        "32": -0.00004393126437207684,
        "33": -0.0003309857565909624,
        "34": -0.0005617050337605178,
        "35": -0.0007347991922870278,
        "36": -0.0008492999477311969,
        "37": -0.0009045671322382987,
        "38": -0.0009002914885058999,
        "39": -0.000836496998090297,
        "40": -0.0007135404739528894,
        "41": -0.0005321094649843872,
        "42": -0.00034198485082015395
    },
    "fpos": 8,
    "ftg": 39,
    "fx": -4.896484375,
    "fy": -5.017448425292969,
    "fchl": 0.016647586598992348,
    "fas": {
        "0": 0,
        "1": -0.12247861176729202,
        "2": -0.11244838684797287,
        "3": -0.10199952870607376,
        "4": -0.09129681438207626,
        "5": -0.08050903677940369,
        "6": -0.06980632245540619,
        "7": -0.05935746058821678,
        "8": -0.04932723939418793,
        "9": -0.03987383469939232,
        "10": -0.031146340072155,
        "11": -0.023282388225197792,
        "12": -0.016405997797846794,
        "13": -0.010625617578625679,
        "14": -0.00603240542113781,
        "15": -0.00269879843108356,
        "16": -0.0006773702334612608,
        "17": 0,
        "18": 0,
        "19": 0,
        "20": 0,
        "21": 0,
        "22": 0,
        "23": 0,
        "24": 0,
        "25": 0
    },
    "fapos": 1,
    "fatg": 17,
    "fa": -0.13193200528621674,
    "ehang": -0.6008858067392133,
    "wehang": -0.6008858067392133,
    "ehl": 0.12,
    "msl": 42,
    "fam": 0.24062015060306494,
    "ang": 5.939573610693203,
    "eang": 5.939573610693203,
    "wang": 5.939573610693203,
    "rex": 2.1655513499209476,
    "rey": -0.7748466628021059,
    "sp": 5.777777777777778,
    "lnp": {
        "exs": [],
        "eys": [],
        "efs": [],
        "ems": [],
        "eiu": 0,
        "xx": 25607,
        "yy": 11270,
        "fx": 0,
        "fy": 0,
        "da": 0,
        "ebx": 40,
        "eby": -14
    },
    "pts": [{
        "exs": [-12.008089392496913, -11.488730253178801, -12.693142167870974],
        "eys": [-5.772912902693861, -5.627663239934918, -7.3428970662334905],
        "efs": [72, 0, 23],
        "ems": [2, 2, 2],
        "eiu": 0,
        "xx": 26035.32515296328,
        "yy": 11191.465479503719,
        "fx": 0,
        "fy": 0,
        "da": 0.9149999999999993,
        "ebx": 0,
        "eby": 0,
        "dying": true
    }, {
        "exs": [-15.762770360568538, -15.760587815355393, -15.762770360568538],
        "eys": [-8.845347297941771, -8.848912458630366, -8.845347297941771],
        "efs": [72, 0, 27],
        "ems": [2, 2, 2],
        "eiu": 0,
        "xx": 26014.444216167678,
        "yy": 11203.106278422907,
        "fx": 0,
        "fy": 0,
        "da": 0.8579999999999992,
        "ebx": -34.5,
        "eby": -16,
        "dying": true
    }, {
        "exs": [],
        "eys": [],
        "efs": [],
        "ems": [],
        "eiu": 0,
        "xx": 25993.532755873155,
        "yy": 11214.741985395356,
        "fx": 0,
        "fy": 0,
        "da": 0.8579999999999992,
        "ebx": -39.5,
        "eby": -14,
        "dying": true
    }, {
        "exs": [],
        "eys": [],
        "efs": [],
        "ems": [],
        "eiu": 0,
        "xx": 25972.564692252912,
        "yy": 11226.297592511284,
        "fx": 0,
        "fy": 0,
        "da": 0.8069999999999994,
        "ebx": -40.5,
        "eby": -10.5,
        "dying": true
    }, {
        "exs": [],
        "eys": [],