{
    "id": 1879601735,
    "xx": 12935,
    "yy": 29006,
    "rx": 12931.305340124163,
    "ry": 29001.27247544672,
    "rsp": 2,
    "cv": 1,
    "rad": 1,
    "sz": 5,
    "lrrad": 1,
    "cv2": 4,
    "fi": {},
    "fw": 45,
    "fh": 45,
    "fw2": 22.5,
    "fh2": 22.5,
    "ofi": {},
    "ofw": 15,
    "ofh": 15,
    "ofw2": 7.5,
    "ofh2": 7.5,
    "gcv": 7,
    "gfi": {},
    "gfw": 85,
    "gfh": 85,
    "gfw2": 42.5,
    "gfh2": 42.5,
    "g2cv": 14,
    "g2fi": {},
    "g2fw": 141,
    "g2fh": 141,
    "g2fw2": 70.5,
    "g2fh2": 70.5,
    "fr": 1,
    "gfr": 477.1882320196021,
    "gr": 1.15,
    "wsp": -0.017849042244146626,
    "eaten_fr": 0,
    "sx": 43,
    "sy": 96
}